GT Program,Benchmark Info,Semantics,Delta,Avg. Per Component Pred. Set Size,Avg. Per Input Pred. Set Size,Question Selector,Correct?,Initial Synthesis Time,Active Learning Time,Initial Program Space Size,Final Program Space Size,# Rounds,Time Per Round,Initial Examples
"Map(Union[IsObject(Glasses), Smile, EyesOpen], IsObject(Person), GetBelow)",wedding,CCE,0.45,1.2594312246082415,23.059375,SmartLabel,True,5.166357260197401,3.742158565670252,15,1,3,"[2.6342527382075787, 0.5390345640480518, 0.40019119903445244]","[('wedding/our-wedding_7667960846_o Medium.jpeg', {'255', '254'}), ('wedding/our-wedding_7668981368_o Medium.jpeg', {'1170', '1176', '1171'}), ('wedding/our-wedding_7667907634_o Medium.jpeg', {'176'}), ('wedding/our-wedding_7667858606_o Medium.jpeg', set()), ('wedding/our-wedding_7667888240_o Medium.jpeg', {'115', '116'})]"
"Union[Map(IsObject(Bride), IsObject(Face), GetRight), Map(IsObject(Bride), IsObject(Face), GetLeft)]",wedding,CCE,0.45,1.2594312246082415,23.059375,SmartLabel,True,6.372471310198307,33.491273172199726,7309,1,3,"[11.265443079173565, 11.185399673879147, 10.915908358991146]","[('wedding/our-wedding_7667901558_o Medium.jpeg', {'159', '160'}), ('wedding/our-wedding_7667875916_o Medium.jpeg', {'64'}), ('wedding/our-wedding_7667858606_o Medium.jpeg', set()), ('wedding/our-wedding_7668991988_o Medium.jpeg', {'1209', '1210'}), ('wedding/our-wedding_7667888240_o Medium.jpeg', set())]"
"Union[IsObject(Bride), Map(IsObject(Bride), IsObject(Face), GetAbove)]",wedding,CCE,0.45,1.2594312246082415,23.059375,SmartLabel,True,6.0411967523396015,1.3226226828992367,5,1,2,"[0.8845191411674023, 0.3554142937064171]","[('wedding/our-wedding_7668149796_o Medium.jpeg', {'733', '730'}), ('wedding/our-wedding_7669446920_o Medium.jpeg', {'2088', '2091'}), ('wedding/our-wedding_7668916354_o Medium.jpeg', {'1060', '1059', '1063'}), ('wedding/our-wedding_7668045644_o Medium.jpeg', set())]"
"Map(IsObject(Face), IsObject(Face), GetAbove)",wedding,CCE,0.45,1.2594312246082415,23.059375,SmartLabel,True,7.5185309909284115,36.39873672649264,683,1,9,"[14.246492560952902, 8.593179292976856, 7.485061801970005, 2.0639478974044323, 0.8220654428005219, 0.815117172896862, 0.819035567343235, 0.7471965067088604, 0.7375920712947845]","[('wedding/our-wedding_7669442380_o Medium.jpeg', {'2082', '2079'}), ('wedding/our-wedding_7669076756_o Medium.jpeg', {'1442'}), ('wedding/our-wedding_7669022644_o Medium.jpeg', set()), ('wedding/our-wedding_7668991988_o Medium.jpeg', set()), ('wedding/our-wedding_7667886840_o Medium.jpeg', {'111'}), ('wedding/our-wedding_7668095250_o Medium.jpeg', {'597'}), ('wedding/our-wedding_7667876934_o Medium.jpeg', set()), ('wedding/our-wedding_7667977420_o Medium.jpeg', set()), ('wedding/our-wedding_7668013044_o Medium.jpeg', set())]"
"Intersection[Complement(Smile), Map(IsObject(Face), IsObject(Face), GetAbove)]",wedding,CCE,0.45,1.2594312246082415,23.059375,SmartLabel,True,5.335069682449102,13.306029368191957,199,1,3,"[8.60926864668727, 4.103423625230789, 0.45091119408607483]","[('wedding/our-wedding_7667907634_o Medium.jpeg', {'181'}), ('wedding/our-wedding_7669213072_o Medium.jpeg', {'1662'}), ('wedding/our-wedding_7668916354_o Medium.jpeg', {'1063'}), ('wedding/our-wedding_7669245932_o Medium.jpeg', set()), ('wedding/our-wedding_7668095250_o Medium.jpeg', {'597'})]"
"Intersection[Map(IsObject(Face), IsObject(Face), GetRight), Map(IsObject(Face), IsObject(Face), GetLeft)]",wedding,CCE,0.45,1.2594312246082415,23.059375,SmartLabel,True,6.127091158181429,0.18447617813944817,1,1,0,[],"[('wedding/our-wedding_7668015714_o Medium.jpeg', {'343', '345'}), ('wedding/our-wedding_7669326520_o Medium.jpeg', {'1843', '1847', '1852', '1845', '1850'})]"
"Intersection[Smile, EyesOpen]",wedding,CCE,0.45,1.2594312246082413,23.059374999999996,SmartLabel,True,11.531221859157085,1915.4078950956464,10066,1,67,"[14.293853785842657, 13.239697389304638, 13.613572794944048, 15.071844853460789, 14.753864619880915, 15.106657203286886, 18.099821746349335, 16.80094751343131, 16.667469564825296, 16.909363597631454, 18.30583054572344, 18.59829856455326, 19.603380020707846, 19.62168963626027, 19.580361668020487, 20.362658634781837, 20.711588989943266, 21.208109233528376, 20.861411340534687, 23.01085576415062, 23.252915110439062, 23.299293491989374, 22.81368613243103, 23.364338517189026, 23.90726627036929, 24.93615796416998, 23.630478490144014, 22.251873817294836, 25.633556462824345, 31.36124723032117, 24.69081173837185, 30.890333104878664, 25.582264706492424, 32.77820226550102, 29.770576905459166, 31.497619107365608, 31.312499351799488, 32.31617111712694, 32.607484236359596, 32.288905780762434, 32.86178171262145, 33.69227076694369, 34.528125744313, 34.347359512001276, 35.45692253112793, 35.30981660634279, 33.99823660030961, 34.85269599035382, 33.54230951145291, 36.33776020258665, 34.403625283390284, 34.09591591358185, 36.20827289298177, 41.95906797796488, 43.46756948158145, 41.29637660086155, 34.6202837228775, 43.08726707100868, 38.72789742797613, 40.47811958938837, 40.84985915198922, 41.73593056574464, 41.39588414505124, 40.473086673766375, 42.262681398540735, 42.12730195745826, 28.595430336892605]","[('wedding/our-wedding_7669409648_o Medium.jpeg', {'2033', '2034'}), ('wedding/our-wedding_7669224504_o Medium.jpeg', {'1684', '1686'}), ('wedding/our-wedding_7668981368_o Medium.jpeg', {'1184', '1181', '1180', '1183'}), ('wedding/our-wedding_7668052228_o Medium.jpeg', {'437'}), ('wedding/our-wedding_7668991988_o Medium.jpeg', {'1209', '1210'}), ('wedding/our-wedding_7668041282_o Medium.jpeg', {'410'}), ('wedding/our-wedding_7669155316_o Medium.jpeg', {'1594', '1593'}), ('wedding/our-wedding_7669081966_o Medium.jpeg', {'1449', '1450'}), ('wedding/our-wedding_7669141806_o Medium.jpeg', {'1561', '1560'}), ('wedding/our-wedding_7667858606_o Medium.jpeg', set()), ('wedding/our-wedding_7669280110_o Medium.jpeg', {'1759', '1760', '1761'}), ('wedding/our-wedding_7667895274_o Medium.jpeg', set()), ('wedding/our-wedding_7669146078_o Medium.jpeg', {'1567'}), ('wedding/our-wedding_7668539918_o Medium.jpeg', set()), ('wedding/our-wedding_7669031674_o Medium.jpeg', set()), ('wedding/our-wedding_7667854222_o Medium.jpeg', set()), ('wedding/our-wedding_7669312112_o Medium.jpeg', {'1823', '1821', '1815', '1816', '1814', '1813', '1817', '1818', '1819'}), ('wedding/our-wedding_7667876934_o Medium.jpeg', set()), ('wedding/our-wedding_7668038926_o Medium.jpeg', {'403'}), ('wedding/our-wedding_7667886840_o Medium.jpeg', {'112', '113'}), ('wedding/our-wedding_7667893910_o Medium.jpeg', set()), ('wedding/our-wedding_7667903494_o Medium.jpeg', set()), ('wedding/our-wedding_7667905202_o Medium.jpeg', {'173'}), ('wedding/our-wedding_7669213072_o Medium.jpeg', set()), ('wedding/our-wedding_7667907634_o Medium.jpeg', set()), ('wedding/our-wedding_7667975724_o Medium.jpeg', {'275', '274'}), ('wedding/our-wedding_7667925006_o Medium.jpeg', set()), ('wedding/our-wedding_7668013044_o Medium.jpeg', {'339'}), ('wedding/our-wedding_7667926596_o Medium.jpeg', {'239'}), ('wedding/our-wedding_7667996460_o Medium.jpeg', {'325'}), ('wedding/our-wedding_7668030380_o Medium.jpeg', {'375', '376'}), ('wedding/our-wedding_7668021424_o Medium.jpeg', {'362'}), ('wedding/our-wedding_7668036458_o Medium.jpeg', {'396'}), ('wedding/our-wedding_7668045644_o Medium.jpeg', {'419', '416', '417', '418'}), ('wedding/our-wedding_7668033238_o Medium.jpeg', {'391', '388', '390', '387'}), ('wedding/our-wedding_7668059802_o Medium.jpeg', set()), ('wedding/our-wedding_7668081866_o Medium.jpeg', {'518', '516'}), ('wedding/our-wedding_7667982420_o Medium.jpeg', set()), ('wedding/our-wedding_7668076886_o Medium.jpeg', {'506'}), ('wedding/our-wedding_7668106286_o Medium.jpeg', set()), ('wedding/our-wedding_7668112352_o Medium.jpeg', {'648'}), ('wedding/our-wedding_7668103448_o Medium.jpeg', {'622'}), ('wedding/our-wedding_7668125844_o Medium.jpeg', {'692', '690'}), ('wedding/our-wedding_7668134904_o Medium.jpeg', {'708', '706', '707'}), ('wedding/our-wedding_7668566254_o Medium.jpeg', set()), ('wedding/our-wedding_7668499522_o Medium.jpeg', {'772'}), ('wedding/our-wedding_7667888240_o Medium.jpeg', {'119'})]"
"Intersection[IsObject(Face), Complement(Intersection[Smile, EyesOpen])]",wedding,CCE,0.45,1.2594312246082415,23.059375,SmartLabel,True,5.87099414691329,7.06710272654891,44,1,1,[6.906083941459656],"[('wedding/our-wedding_7669224504_o Medium.jpeg', {'1685'}), ('wedding/our-wedding_7669092256_o Medium.jpeg', {'1466'}), ('wedding/our-wedding_7667975724_o Medium.jpeg', {'273'})]"
"Intersection[Smile, EyesOpen, Complement(MouthOpen)]",wedding,CCE,0.45,1.2594312246082415,23.059375,SmartLabel,True,6.085447892546654,23.091841649264097,90,1,3,"[8.014010172337294, 7.974591884762049, 6.946431361138821]","[('wedding/our-wedding_7668472586_o Medium.jpeg', {'745'}), ('wedding/our-wedding_7669135388_o Medium.jpeg', {'1547'}), ('wedding/our-wedding_7668052228_o Medium.jpeg', {'437'}), ('wedding/our-wedding_7668981368_o Medium.jpeg', {'1183'}), ('wedding/our-wedding_7669022644_o Medium.jpeg', set())]"
"Union[Map(IsObject(Bride), IsObject(Face), GetAbove), Map(IsObject(Suit), IsObject(Face), GetAbove)]",wedding,CCE,0.45,1.2594312246082418,23.059374999999996,SmartLabel,True,8.042852770537138,14.309465296566486,86,1,6,"[7.806082382798195, 1.3147318847477436, 1.06847270950675, 0.8831538073718548, 1.4837855361402035, 1.6433604881167412]","[('wedding/our-wedding_7668981368_o Medium.jpeg', {'1181', '1185'}), ('wedding/our-wedding_7667901558_o Medium.jpeg', {'160'}), ('wedding/our-wedding_7668991988_o Medium.jpeg', {'1210'}), ('wedding/our-wedding_7667897636_o Medium.jpeg', {'149'}), ('wedding/our-wedding_7668045644_o Medium.jpeg', set()), ('wedding/our-wedding_7667876934_o Medium.jpeg', set()), ('wedding/our-wedding_7667977420_o Medium.jpeg', set()), ('wedding/our-wedding_7668013044_o Medium.jpeg', {'339'})]"
"Intersection[IsObject(Face), Complement(Smile)]",wedding,CCE,0.45,1.2594312246082418,23.059374999999996,SmartLabel,True,7.798077970743179,20.741299584507942,147,1,4,"[13.0469757206738, 5.38379268348217, 1.762064814567566, 0.4488607905805111]","[('wedding/our-wedding_7669152422_o Medium.jpeg', {'1584', '1583'}), ('wedding/our-wedding_7668635930_o Medium.jpeg', {'935', '937'}), ('wedding/our-wedding_7668036458_o Medium.jpeg', set()), ('wedding/our-wedding_7667897636_o Medium.jpeg', set()), ('wedding/our-wedding_7668033238_o Medium.jpeg', {'389'}), ('wedding/our-wedding_7667858606_o Medium.jpeg', {'16'})]"
"Union[IsObject(Glasses), Intersection[Smile, EyesOpen]]",wedding,CCE,0.45,1.2594312246082418,23.059375,SmartLabel,True,7.591510076075792,35.14956508204341,3367,25,8,"[9.920312881469727, 6.971246495842934, 4.792881306260824, 4.655019633471966, 4.135834001004696, 3.798713482916355, 0.7484842576086521, 0.12053283303976059]","[('wedding/our-wedding_7669135388_o Medium.jpeg', {'1548', '1547'}), ('wedding/our-wedding_7669242588_o Medium.jpeg', {'1694'}), ('wedding/our-wedding_7667855224_o Medium.jpeg', {'10'}), ('wedding/our-wedding_7668015714_o Medium.jpeg', {'342', '343', '345', '344'}), ('wedding/our-wedding_7667907634_o Medium.jpeg', {'178'}), ('wedding/our-wedding_7668045644_o Medium.jpeg', {'419', '416', '417', '418'}), ('wedding/our-wedding_7668106286_o Medium.jpeg', set()), ('wedding/our-wedding_7669280110_o Medium.jpeg', {'1759', '1760', '1761'}), ('wedding/our-wedding_7669446920_o Medium.jpeg', {'2090', '2089', '2091'}), ('wedding/our-wedding_7669481074_o Medium.jpeg', {'2133'})]"
"Map(Map(IsObject(Face), IsObject(Face), GetRight), IsObject(Face), GetRight)",wedding,CCE,0.45,1.259431224608242,23.059374999999996,SmartLabel,True,7.091251946985722,9.001460753381252,29,1,4,"[5.7738112434744835, 1.8795827366411686, 0.852846909314394, 0.37220168858766556]","[('wedding/our-wedding_7668901928_o Medium.jpeg', {'1046'}), ('wedding/our-wedding_7669405174_o Medium.jpeg', {'2025'}), ('wedding/our-wedding_7669171794_o Medium.jpeg', set()), ('wedding/our-wedding_7668539918_o Medium.jpeg', set()), ('wedding/our-wedding_7667873202_o Medium.jpeg', set()), ('wedding/our-wedding_7667868308_o Medium.jpeg', {'32'})]"
"Union[EyesOpen, Intersection[IsObject(Face), Complement(MouthOpen)]]",wedding,CCE,0.45,1.259431224608242,23.059374999999996,SmartLabel,True,12.858267303556204,61.64952617883682,14843,1,8,"[15.489860035479069, 9.650950018316507, 12.75407511740923, 9.472154684364796, 9.949188657104969, 2.3950723707675934, 1.1325246505439281, 0.6458714939653873]","[('wedding/our-wedding_7669386434_o Medium.jpeg', {'1996', '1995'}), ('wedding/our-wedding_7669009912_o Medium.jpeg', {'1255', '1254'}), ('wedding/our-wedding_7668916354_o Medium.jpeg', {'1064', '1062', '1063'}), ('wedding/our-wedding_7667858606_o Medium.jpeg', set()), ('wedding/our-wedding_7668997142_o Medium.jpeg', {'1227', '1226', '1229', '1228'}), ('wedding/our-wedding_7669195062_o Medium.jpeg', {'1642', '1643'}), ('wedding/our-wedding_7668095250_o Medium.jpeg', {'596', '597', '595'}), ('wedding/our-wedding_7669220304_o Medium.jpeg', {'1675', '1676', '1677'}), ('wedding/our-wedding_7667862602_o Medium.jpeg', set()), ('wedding/our-wedding_7667888240_o Medium.jpeg', {'119'})]"
"Union[Smile, Map(Smile, IsObject(Face), GetRight)]",wedding,CCE,0.45,1.259431224608242,23.059374999999996,SmartLabel,True,11.823029145598412,15.034975707530975,122,1,3,"[9.624791402369738, 2.7383261285722256, 2.5284411758184433]","[('wedding/our-wedding_7667915946_o Medium.jpeg', {'198', '199'}), ('wedding/our-wedding_7668081866_o Medium.jpeg', {'517', '518', '516'}), ('wedding/our-wedding_7668083094_o Medium.jpeg', {'531', '526', '529', '528', '532', '527'}), ('wedding/our-wedding_7667858606_o Medium.jpeg', set()), ('wedding/our-wedding_7667886840_o Medium.jpeg', {'112', '113', '111'})]"
"Union[IsObject(Bride), Map(IsObject(Bride), IsObject(Face), GetLeft), Map(IsObject(Bride), IsObject(Face), GetRight)]",wedding,CCE,0.45,1.2594312246082415,23.059375,SmartLabel,True,7.004736516624689,3.536328997462988,12,1,2,"[2.3508515506982803, 1.0416161827743053]","[('wedding/our-wedding_7668083094_o Medium.jpeg', {'522', '530', '528'}), ('wedding/our-wedding_7669081966_o Medium.jpeg', {'1449', '1448'}), ('wedding/our-wedding_7667868308_o Medium.jpeg', set()), ('wedding/our-wedding_7667897636_o Medium.jpeg', {'149', '146'})]"
"Union[IsObject(Car), IsObject(Bicycle)]",cars,CCE,0.45,1.2711610215369975,23.905620267909143,SmartLabel,True,11.366132363677025,12.638911187648773,7771,1,1,[12.616514652967453],"[('cars/014_2938008229_o.jpg', {'1', '2', '0'}), ('cars/smartbikes--farragut-square_2733925626_o.jpg', {'1151', '1155', '1150'}), ('cars/laughter_5740404248_o.jpg', {'890'})]"
"Map(Intersection[Smile, EyesOpen], IsObject(Car), GetIsContained)",cars,CCE,0.45,1.2815875076958916,24.657838283828383,SmartLabel,True,6.174033652991056,10.753580257296562,380,3,6,"[4.061565414071083, 3.2248498275876045, 2.2227002531290054, 0.4760863296687603, 0.31922388449311256, 0.24074573069810867]","[('cars/n02958343_1902.JPEG', {'1034'}), ('cars/7283056644_e9ca3877d1_c.jpg', {'281'}), ('cars/44929498572_0b602cb182_c.jpg', set()), ('cars/msa-classic-car-rally-2009_3942380148_o.jpg', set()), ('cars/1957-chevrolet-bel-air_2938840328_o.jpg', set()), ('cars/5421932595_68f7ab545d_c.jpg', set()), ('cars/7277639906_2f455d0a66_c.jpg', set())]"
"Map(IsObject(Car), IsObject(Face), GetContains)",cars,CCE,0.45,1.290916468995955,25.330875455966652,SmartLabel,True,6.768824726343155,15.581305854022503,1144,7,3,"[7.854587074369192, 6.124545589089394, 1.053048375993967]","[('cars/classic-car-rally-2008_2938842248_o.jpg', {'665'}), ('cars/n02958343_1902.JPEG', {'1040', '1041'}), ('cars/commuter-with-a-capital-bikeshare-bike_5739859831_o.jpg', set()), ('cars/bikes_3938109841_o.jpg', set()), ('cars/1957-chevrolet-bel-air_2938840328_o.jpg', set())]"
Complement(IsObject(Car)),cars,CCE,0.45,1.299312534166012,25.93660891089109,SmartLabel,FAIL,24.252417363226414,22.39691236242652,6729,4,1,[22.396837394684553],"[('cars/n02958343_1902.JPEG', {'1039', '1038', '1037', '1040', '1035', '1036', '1041'}), ('cars/smartbikes--farragut-square_2733925626_o.jpg', {'1153', '1152', '1151', '1150'}), ('cars/look-up-from-your-smartphone_6824473546_o.jpg', {'920', '904', '911', '908', '910', '918', '905', '914', '912', '907', '906', '919', '916', '913'})]"
"Complement(Union[IsObject(Car), IsObject(Bicycle)])",cars,CCE,0.45,1.3069089740817776,26.484653465346533,SmartLabel,True,3.7273189947009087,0.5249249190092087,8,1,1,[0.49381284415721893],"[('cars/bike-with-convenient-wine-holder_5747868888_o.jpg', {'399', '398'}), ('cars/1972-porsche-spyder-718-rsk-replica_2937995287_o.jpg', {'91'}), ('cars/44929498572_0b602cb182_c.jpg', {'241', '248', '250', '249'})]"
"Map(IsObject(Car), Union[IsObject(Person), IsObject(Bicycle)], GetContains)",cars,CCE,0.45,1.3138148285506555,26.982875787578756,SmartLabel,True,5.041979722678661,0.22431248798966408,2,1,1,[0.18452025577425957],"[('cars/1957-chevrolet-bel-air_2938840328_o.jpg', {'69', '71'}), ('cars/5421932595_68f7ab545d_c.jpg', {'253'}), ('cars/epa-bikes_5739874075_o.jpg', set())]"
"Intersection[EyesOpen, Complement(Map(IsObject(Car), EyesOpen, GetContains))]",cars,CCE,0.45,1.3201201739352832,27.43777442961687,SmartLabel,True,4.812811587005854,26.822468262165785,951,1,6,"[4.109979927539825, 4.43608383089304, 5.371175721287727, 5.495717529207468, 7.0625337809324265, 0.2763098441064358]","[('cars/leggy-biker_6262285232_o.jpg', {'898'}), ('cars/1957-chevrolet-bel-air_2938840328_o.jpg', {'72'}), ('cars/5421932595_68f7ab545d_c.jpg', set()), ('cars/bob-at-the-tidal-basin_3006015262_o.jpg', {'624'}), ('cars/bikeshare-bike-and-others_6970590645_o.jpg', {'494', '495', '496'}), ('cars/interesting-foldy-bike_5079464538_o.jpg', set())]"
"Map(IsObject(Person), IsObject(Car), GetIsContained)",cars,CCE,0.45,1.3259000738711926,27.854764851485147,SmartLabel,True,5.353819973766804,3.2046220377087593,53,2,2,"[2.798787299543619, 0.2960352152585983]","[('cars/classic-car-rally-2008_2938842248_o.jpg', {'657'}), ('cars/1957-chevrolet-bel-air_2938840328_o.jpg', {'64'}), ('cars/msa-classic-car-rally-2009_3942380148_o.jpg', set()), ('cars/7277639906_2f455d0a66_c.jpg', set())]"
"Map(Map(IsObject(Helmet), IsObject(Person), GetBelow), IsObject(Bicycle), GetBelow)",cars,CCE,0.45,1.3312175818122287,28.23839603960396,SmartLabel,True,4.602174911648035,23.29594261199236,355,1,16,"[6.204384472221136, 3.085874930024147, 2.469947010278702, 0.6657326892018318, 0.5353451706469059, 0.5093768760561943, 0.7053997479379177, 0.9396101348102093, 1.2274602875113487, 1.4401008673012257, 1.2360420040786266, 1.1603808142244816, 1.194829598069191, 1.2642887197434902, 0.40507952496409416, 0.23655497282743454]","[('cars/friends_1458870589_o.jpg', {'797'}), ('cars/biker-in-blue_1458867877_o.jpg', {'400'}), ('cars/spring-has-arrived-in-dc_6964308913_o.jpg', set()), ('cars/look-up-from-your-smartphone_6824473546_o.jpg', set()), ('cars/foldy-bike-at-aqueduct_4730059859_o.jpg', set()), ('cars/43420571660_864dc92875_c.jpg', {'237'}), ('cars/44929498572_0b602cb182_c.jpg', set()), ('cars/bike-carousel-at-car-free-dc_3945578551_o.jpg', set()), ('cars/bike-dc_3906452651_o.jpg', {'338'}), ('cars/bikes_3938109841_o.jpg', {'468', '469'}), ('cars/bikeshare-bike-and-others_6970590645_o.jpg', {'488', '487'}), ('cars/colorful-bike_5834774314_o.jpg', set())]"
"Intersection[IsObject(Bicycle), Complement(Map(IsObject(Person), IsObject(Bicycle), GetBelow))]",cars,CCE,0.45,1.3361260506808774,28.592517136329015,SmartLabel,True,10.282046921551228,14.869518235325813,362,1,5,"[4.608767371624708, 3.6524948850274086, 2.384098879992962, 2.0133768916130066, 2.1564510986208916]","[('cars/smartbikes--farragut-square_2733925626_o.jpg', {'1151', '1150'}), ('cars/foldy-bike-at-aqueduct_4730059859_o.jpg', {'765'}), ('cars/bikers-at-point-joe_107834549_o.jpg', set()), ('cars/look-up-from-your-smartphone_6824473546_o.jpg', set()), ('cars/bike-commuter-on-14th-st_6943659117_o.jpg', set()), ('cars/bike-in-snow_3323365362_o.jpg', {'375'}), ('cars/biking-at-hains-point_3994789631_o.jpg', {'508'})]"
"Intersection[IsObject(Bicycle), Complement(Map(EyesOpen, IsObject(Bicycle), GetBelow))]",cars,CCE,0.45,1.3406709292629597,28.920407040704067,SmartLabel,True,6.609865412116051,3.7958169877529144,210,1,2,"[3.4300511367619038, 0.3053845539689064]","[('cars/biking-away_4672030207_o.jpg', {'525'}), ('cars/bike-carousel-at-car-free-dc_3945578551_o.jpg', {'325', '324', '323'}), ('cars/7277639906_2f455d0a66_c.jpg', set()), ('cars/44929498572_0b602cb182_c.jpg', set())]"
"Union[IsObject(Bicycle), IsObject(Car), IsObject(Person)]",cars,CCE,0.45,1.3448911736606075,29.224876237623757,SmartLabel,True,3.886617325246334,3.425524327903986,70,1,1,[3.3920184522867203],"[('cars/colorful-bike_5834774314_o.jpg', {'668'}), ('cars/fries-va_5150047198_o.jpg', {'803', '804'}), ('cars/44929498572_0b602cb182_c.jpg', {'246', '245', '240', '241', '242', '243', '244'})]"
"Map(IsObject(Bicycle), Union[Smile, EyesOpen], GetAbove)",cars,CCE,0.45,1.3488203667204863,29.508347558893814,SmartLabel,True,6.196309559047222,79.67890989035368,1355,49,13,"[5.377892851829529, 5.389478392899036, 3.264678195118904, 3.0076807029545307, 5.288750279694796, 6.8361386097967625, 8.564519204199314, 8.281392842531204, 8.465018261224031, 6.823278654366732, 6.928650639951229, 7.054272275418043, 2.6091494373977184]","[('cars/biker-on-rock-creek-trail_6277965864_o.jpg', {'434'}), ('cars/bill-line-national-parks-spokesperson-on-a-bike_6189270083_o.jpg', {'578'}), ('cars/trail-use_6970595853_o.jpg', set()), ('cars/44929498572_0b602cb182_c.jpg', {'250'}), ('cars/sycophants_5739861473_o.jpg', set()), ('cars/5421932595_68f7ab545d_c.jpg', set()), ('cars/bike-dc_3906452651_o.jpg', {'347'}), ('cars/biker-in-blue_1496965137_o.jpg', {'413'}), ('cars/bikes_3938109841_o.jpg', {'476', '477'}), ('cars/bikeshare-bike-and-others_6970590645_o.jpg', {'495', '496'}), ('cars/bob-at-the-tidal-basin_3006015262_o.jpg', set())]"
"Intersection[IsObject(Face), Complement(Map(IsObject(Bicycle), IsObject(Face), GetAbove))]",cars,CCE,0.45,1.3524876135763733,29.7729207920792,SmartLabel,True,5.262917973101139,13.02504450455308,1136,1,2,"[8.036562539637089, 4.936622876673937]","[('cars/foldy-bikes_3981720975_o.jpg', {'780', '781'}), ('cars/pose_5739852401_o.jpg', {'1090'}), ('cars/commuter-with-a-capital-bikeshare-bike_5739859831_o.jpg', set()), ('cars/bikes_3938109841_o.jpg', {'478'})]"
"Union[IsObject(Cat), IsObject(Face)]",cats,CCE,0.45,1.3673326700991262,28.906368634965954,SmartLabel,True,2.7350837774574757,6.653456885367632,7498,1,3,"[5.461672596633434, 0.6737615838646889, 0.5088667459785938]","[('cats/n02870880_9461.JPEG', {'636'}), ('cats/n02121808_2581.JPEG', {'319'}), ('cats/n02121808_14813.JPEG', {'103', '102', '104'}), ('cats/n02121808_246.JPEG', {'302', '301'}), ('cats/n02121808_111.JPEG', {'26', '28'})]"
"Union[IsObject(Cat), EyesOpen]",cats,CCE,0.45,1.3812499105892067,28.093975987672295,SmartLabel,True,2.5127496272325516,46.12539732456207,7498,203,14,"[5.356172375380993, 2.532320585101843, 2.494242075830698, 2.484978064894676, 2.5040071420371532, 2.65682889893651, 2.989520166069269, 3.283763524144888, 3.271588619798422, 4.2860863618552685, 5.094709645956755, 2.1391115859150887, 3.706441458314657, 1.5462957955896854]","[('cats/n02121808_2112.JPEG', {'251'}), ('cats/n02121808_2581.JPEG', {'319'}), ('cats/n02121808_14813.JPEG', {'103', '102'}), ('cats/n02121808_246.JPEG', {'302', '301'}), ('cats/n02121808_18978.JPEG', {'208', '210'}), ('cats/n02121808_10623.JPEG', {'15'}), ('cats/n02121808_15006.JPEG', set()), ('cats/n02121808_17449.JPEG', {'168', '169', '170', '171'}), ('cats/n02121808_11057.JPEG', set()), ('cats/n02121808_2659.JPEG', set()), ('cats/n02121808_4140.JPEG', {'427'})]"
"Intersection[IsObject(Cat), Complement(Map(IsObject(Cat), IsObject(Cat), GetBelow))]",cats,CCE,0.45,1.3943236819586766,27.330819258396424,SmartLabel,True,2.5260127410292625,13.28197081014514,7498,1,4,"[5.489299517124891, 3.4603321626782417, 4.181084826588631, 0.13363602384924889]","[('cats/n02121808_3442.JPEG', {'374'}), ('cats/n02121808_2623.JPEG', {'326'}), ('cats/n02121808_14813.JPEG', {'102'}), ('cats/n02121808_11141.JPEG', set()), ('cats/n02121808_17449.JPEG', {'170'}), ('cats/cats.jpg', {'1'})]"
"Intersection[Map(IsObject(Cat), IsObject(Cat), GetRight), Map(IsObject(Cat), IsObject(Cat), GetLeft)]",cats,CCE,0.45,1.4066284079534717,26.612554101430902,SmartLabel,True,5.192606937140226,16.890141151845455,7582,1,4,"[7.596437551081181, 3.736339420080185, 2.9969221241772175, 2.536642223596573]","[('cats/n02121808_52.JPEG', {'515', '516'}), ('cats/n02121808_16252.JPEG', {'138', '136'}), ('cats/n02121808_14813.JPEG', set()), ('cats/n02121808_11141.JPEG', set())]"
"Map(IsObject(Guitar), IsObject(Face), GetAbove)",festival,CCE,0.45,1.4048145760946023,26.772176107799286,SmartLabel,FAIL,5.671064715832472,2235.81636563316,164,4,107,"[8.896707706153393, 5.212164424359798, 5.043475177139044, 4.60307502001524, 4.4267977848649025, 4.795041337609291, 2.540855847299099, 2.5107077285647392, 2.507792968302965, 4.51683983951807, 23.825573205947876, 23.825185142457485, 23.913563955575228, 23.806623101234436, 23.80928709730506, 23.793131709098816, 23.79821864888072, 23.801702853292227, 23.792816169559956, 23.787343494594097, 23.75320179015398, 23.788724955171347, 23.760447461158037, 23.75043534114957, 23.734761156141758, 23.624995481222868, 23.58168524876237, 23.547681346535683, 23.462123207747936, 23.4478389210999, 23.460334211587906, 23.481480542570353, 23.49136884137988, 23.492549490183592, 23.328626047819853, 22.963451277464628, 22.83686039969325, 22.79313476011157, 22.758550256490707, 22.769197806715965, 22.751332849264145, 22.716947603970766, 22.7383749820292, 22.71804767102003, 22.733583636581898, 22.725096870213747, 22.756198063492775, 22.662077713757753, 22.619124714285135, 22.6003492847085, 22.61224425956607, 22.61052433028817, 22.602028902620077, 22.589458648115396, 22.600219897925854, 22.504682444036007, 22.49948400631547, 22.502700243145227, 22.509273819625378, 22.501224379986525, 22.504183918237686, 22.50020443275571, 22.51560215651989, 22.49232243746519, 22.441696420311928, 22.417947202920914, 22.405649788677692, 22.403896268457174, 22.414378739893436, 22.395952723920345, 22.406730491667986, 22.23602383583784, 22.234578125178814, 22.237303253263235, 22.245785240083933, 22.06553717330098, 22.06135406717658, 22.054281398653984, 22.106171797960997, 22.051588747650385, 22.11645605787635, 21.929153706878424, 21.872840970754623, 21.879533030092716, 21.924666579812765, 21.870844688266516, 21.896337028592825, 21.79825008660555, 21.650938466191292, 21.64117143675685, 21.666903264820576, 21.625804230570793, 21.696168061345816, 21.638567045331, 21.662953093647957, 21.59423092380166, 21.667053133249283, 21.571577940136194, 21.62322263792157, 21.57243352383375, 21.617484230548143, 21.552771765738726, 21.57673916593194, 21.56991996616125, 21.62914728745818, 21.568388614803553, 21.622844144701958]","[('festival/aaron_rodriguez_treefort2017-363_34254689531_o Medium.jpeg', {'793'}), ('festival/aaron-rodriguez-treefort-2016-286_25678607453_o Medium.jpeg', {'94', '93'}), ('festival/aaron_rodriguez_treefort2017-230_33877627921_o Medium.jpeg', set()), ('festival/matthew-wordell-treefort2016-4616_25968630360_o Medium.jpeg', {'1580'}), ('festival/aaron_rodriguez_treefort2017-319_33574320633_o Medium.jpeg', {'701'}), ('festival/aaron_rodriguez_treefort2017-191_33877926621_o Medium.jpeg', set()), ('festival/matthew-wordell-treefort2016-3795_26134843231_o Medium.jpeg', {'1511', '1510'}), ('festival/matthew-wordell-treefort2016-8853_26177976255_o Medium.jpeg', set()), ('festival/peter_lovera_treefort2017-55_33155622604_o Medium.jpeg', set()), ('festival/peter_lovera_treefort2017-52_33999043175_o Medium.jpeg', set()), ('festival/peter_lovera_treefort2017-46_33841345962_o Medium.jpeg', {'2584'}), ('festival/peter_lovera_treefort2017-429_34013378630_o Medium.jpeg', set()), ('festival/peter_lovera_treefort2017-428_34397844855_o Medium.jpeg', {'2570'}), ('festival/peter_lovera_treefort2017-421_33587948843_o Medium.jpeg', set()), ('festival/peter_lovera_treefort2017-41_33186189373_o Medium.jpeg', set()), ('festival/peter_lovera_treefort2017-417_34013416960_o Medium.jpeg', set()), ('festival/peter_lovera_treefort2017-407_34267344251_o Medium.jpeg', set()), ('festival/peter_lovera_treefort2017-3_33155873444_o Medium.jpeg', set()), ('festival/peter_lovera_treefort2017-394_34239002692_o Medium.jpeg', set()), ('festival/peter_lovera_treefort2017-376_33588061853_o Medium.jpeg', set()), ('festival/peter_lovera_treefort2017-368_34356282936_o Medium.jpeg', set()), ('festival/peter_lovera_treefort2017-295_33588389613_o Medium.jpeg', set()), ('festival/peter_lovera_treefort2017-288_34239860072_o Medium.jpeg', set()), ('festival/peter_lovera_treefort2017-282_34356704246_o Medium.jpeg', set()), ('festival/peter_lovera_treefort2017-272_34013889250_o Medium.jpeg', set()), ('festival/peter_lovera_treefort2017-263_34267934571_o Medium.jpeg', set()), ('festival/peter_lovera_treefort2017-230_33960568066_o Medium.jpeg', set()), ('festival/peter_lovera_treefort2017-208_33960657786_o Medium.jpeg', {'2453'}), ('festival/peter_lovera_treefort2017-195_33844682752_o Medium.jpeg', set()), ('festival/peter_lovera_treefort2017-191_33872659961_o Medium.jpeg', set()), ('festival/peter_lovera_treefort2017-165_33958183296_o Medium.jpeg', set()), ('festival/peter_lovera_treefort2017-157_33958208186_o Medium.jpeg', {'2409'}), ('festival/peter_lovera_treefort2017-138_33870021961_o Medium.jpeg', set()), ('festival/peter_lovera_treefort2017-133_33958318866_o Medium.jpeg', set()), ('festival/peter_lovera_treefort2017-120_33614337370_o Medium.jpeg', set()), ('festival/peter-lovera-treefort2016-1-36_25587484964_o Medium.jpeg', set()), ('festival/peter-lovera-treefort2016-1-33_25587537034_o Medium.jpeg', set()), ('festival/peter-lovera-treefort2016--9_26173434426_o Medium.jpeg', set()), ('festival/peter-lovera-treefort2016--42_25596352343_o Medium.jpeg', set()), ('festival/peter-lovera-treefort2016--28_25926300300_o Medium.jpeg', set()), ('festival/peter-lovera-treefort2016--23_25596540543_o Medium.jpeg', set()), ('festival/peter-lovera-treefort2016--188_26176542951_o Medium.jpeg', set()), ('festival/peter-lovera-treefort2016--154_25923448650_o Medium.jpeg', set()), ('festival/matthew_wordell_treefort2017-6376_33591720450_o Medium.jpeg', {'2220'}), ('festival/matthew_wordell_treefort2017-6264_33163602983_o Medium.jpeg', set()), ('festival/matthew_wordell_treefort2017-6230_33163208933_o Medium.jpeg', set()), ('festival/matthew_wordell_treefort2017-6127_33163095663_o Medium.jpeg', set()), ('festival/matthew_wordell_treefort2017-6014_33591093840_o Medium.jpeg', set()), ('festival/matthew_wordell_treefort2017-5964_33163049913_o Medium.jpeg', set()), ('festival/matthew_wordell_treefort2017-5952_33591063330_o Medium.jpeg', set()), ('festival/matthew_wordell_treefort2017-5855_33818253782_o Medium.jpeg', set()), ('festival/matthew_wordell_treefort2017-5852_33590965280_o Medium.jpeg', set()), ('festival/matthew_wordell_treefort2017-5749_33132299854_o Medium.jpeg', set()), ('festival/matthew_wordell_treefort2017-5626_33162817123_o Medium.jpeg', set()), ('festival/matthew_wordell_treefort2017-5461_33584101540_o Medium.jpeg', set()), ('festival/matthew_wordell_treefort2017-5431_33927907156_o Medium.jpeg', set()), ('festival/matthew_wordell_treefort2017-5412_33811163772_o Medium.jpeg', set()), ('festival/matthew_wordell_treefort2017-5339_33584022860_o Medium.jpeg', set()), ('festival/matthew_wordell_treefort2017-5321_33155811253_o Medium.jpeg', set()), ('festival/matthew_wordell_treefort2017-5318_33969172495_o Medium.jpeg', set()), ('festival/matthew_wordell_treefort2017-5305_33811095632_o Medium.jpeg', set()), ('festival/matthew_wordell_treefort2017-5080_33583785180_o Medium.jpeg', set()), ('festival/matthew_wordell_treefort2017-5003_33125032814_o Medium.jpeg', set()), ('festival/matthew_wordell_treefort2017-4847_33583746910_o Medium.jpeg', set()), ('festival/matthew_wordell_treefort2017-4827_33125001664_o Medium.jpeg', set()), ('festival/matthew_wordell_treefort2017-4809_33124981724_o Medium.jpeg', set()), ('festival/matthew_wordell_treefort2017-4802_33583706710_o Medium.jpeg', set()), ('festival/matthew_wordell_treefort2017-4759_33838551931_o Medium.jpeg', set()), ('festival/matthew_wordell_treefort2017-4582_33927395906_o Medium.jpeg', set()), ('festival/matthew_wordell_treefort2017-4572_33838391681_o Medium.jpeg', set()), ('festival/matthew_wordell_treefort2017-4501_33810588602_o Medium.jpeg', set()), ('festival/matthew_wordell_treefort2017-4493_33927345056_o Medium.jpeg', set()), ('festival/matthew_wordell_treefort2017-4486_33968596095_o Medium.jpeg', set()), ('festival/matthew_wordell_treefort2017-4444_33155215953_o Medium.jpeg', set()), ('festival/matthew_wordell_treefort2017-4389_33583440800_o Medium.jpeg', set()), ('festival/matthew_wordell_treefort2017-4385_33968529785_o Medium.jpeg', {'1920'}), ('festival/matthew_wordell_treefort2017-4334_33578189150_o Medium.jpeg', set()), ('festival/matthew_wordell_treefort2017-4260_33149878893_o Medium.jpeg', set()), ('festival/matthew_wordell_treefort2017-4199_33805352872_o Medium.jpeg', set()), ('festival/matthew_wordell_treefort2017-4191_33805346172_o Medium.jpeg', set()), ('festival/matthew_wordell_treefort2017-4093_33963116255_o Medium.jpeg', set()), ('festival/matthew_wordell_treefort2017-4081_33149770813_o Medium.jpeg', set()), ('festival/matthew_wordell_treefort2017-4052_33149773953_o Medium.jpeg', set()), ('festival/matthew_wordell_treefort2017-4028_33805259232_o Medium.jpeg', set()), ('festival/matthew_wordell_treefort2017-3997_33577939360_o Medium.jpeg', set()), ('festival/matthew_wordell_treefort2017-3932_33149685243_o Medium.jpeg', set()), ('festival/matthew_wordell_treefort2017-3440_33119020794_o Medium.jpeg', set()), ('festival/matthew_wordell_treefort2017-3133_33577365040_o Medium.jpeg', set()), ('festival/matthew_wordell_treefort2017-2984_33921187666_o Medium.jpeg', set()), ('festival/matthew_wordell_treefort2017-2956_33149139723_o Medium.jpeg', set()), ('festival/matthew_wordell_treefort2017-0432_33832265671_o Medium.jpeg', set()), ('festival/matthew_wordell_treefort2017-0428_33804594412_o Medium.jpeg', set()), ('festival/matthew_wordell_treefort2017-0396_33962308295_o Medium.jpeg', set()), ('festival/matthew-wordell-treefort2016-9748_26152818676_o Medium.jpeg', set()), ('festival/matthew-wordell-treefort2016-9738_26152807006_o Medium.jpeg', set()), ('festival/matthew-wordell-treefort2016-9605_26152734876_o Medium.jpeg', set()), ('festival/matthew-wordell-treefort2016-8899_25573217614_o Medium.jpeg', set()), ('festival/matthew-wordell-treefort2016-8733_26151962316_o Medium.jpeg', {'1739'}), ('festival/matthew-wordell-treefort2016-8550_26111455731_o Medium.jpeg', set()), ('festival/matthew-wordell-treefort2016-8491_25904746530_o Medium.jpeg', set()), ('festival/matthew-wordell-treefort2016-8475_26111260551_o Medium.jpeg', set()), ('festival/matthew-wordell-treefort2016-8336_26111155341_o Medium.jpeg', set()), ('festival/matthew-wordell-treefort2016-6292_26216985956_o Medium.jpeg', set()), ('festival/matthew-wordell-treefort2016-6257_25640080023_o Medium.jpeg', {'1713'})]"
"Union[IsObject(Guitar), Map(IsObject(Guitar), IsObject(Face), GetAbove)]",festival,CCE,0.45,1.4031015126723365,26.922930224924983,SmartLabel,True,4.672252021729946,0.0882742665708065,1,1,0,[],"[('festival/glenn_landberg_treefort2017-7119_33167197153_o Medium.jpeg', {'1225', '1231'}), ('festival/aaron_rodriguez_treefort2017-19_33480504591_o Medium.jpeg', {'355'})]"
"Intersection[IsObject(Face), Complement(Map(IsObject(Guitar), IsObject(Face), GetAbove))]",festival,CCE,0.45,1.401481047272896,27.065535470854694,SmartLabel,True,5.9977907463908195,26.520767278969288,127,1,3,"[9.517941009253263, 11.708602163940668, 5.171791300177574]","[('festival/matthew-wordell-treefort2016-8475_26111260551_o Medium.jpeg', {'1726', '1723', '1724', '1725'}), ('festival/aaron_rodriguez_treefort2017-373_34254899631_o Medium.jpeg', {'811'}), ('festival/matthew-wordell-treefort2016-4274_25928788670_o Medium.jpeg', {'1528', '1527', '1526', '1531', '1529', '1530'}), ('festival/aaron-rodriguez-treefort-2016-183_26255545346_o Medium.jpeg', {'55', '54', '53', '52'})]"
"Map(Union[IsObject(Glasses), Smile, EyesOpen], IsObject(Person), GetBelow)",wedding,CCE-NoAbs,0.45,1.3977428940448788,26.96011019530589,SmartLabelNoUB,True,7.840532902628183,31.50443534553051,15,1,3,"[24.48411687090993, 4.1091120801866055, 2.7344294898211956]","[('wedding/our-wedding_7667960846_o Medium.jpeg', {'255', '254'}), ('wedding/our-wedding_7668981368_o Medium.jpeg', {'1170', '1176', '1171'}), ('wedding/our-wedding_7667907634_o Medium.jpeg', {'176'}), ('wedding/our-wedding_7667858606_o Medium.jpeg', set()), ('wedding/our-wedding_7667888240_o Medium.jpeg', {'115', '116'})]"
"Union[Map(IsObject(Bride), IsObject(Face), GetRight), Map(IsObject(Bride), IsObject(Face), GetLeft)]",wedding,CCE-NoAbs,0.45,1.3941964409824008,26.8600913441442,SmartLabelNoUB,True,6.267380226403475,245.2323132865131,7309,1,3,"[79.85307163372636, 80.4503034465015, 84.79924593120813]","[('wedding/our-wedding_7667901558_o Medium.jpeg', {'159', '160'}), ('wedding/our-wedding_7667875916_o Medium.jpeg', {'64'}), ('wedding/our-wedding_7667858606_o Medium.jpeg', set()), ('wedding/our-wedding_7668991988_o Medium.jpeg', {'1209', '1210'}), ('wedding/our-wedding_7667888240_o Medium.jpeg', set())]"
"Union[IsObject(Bride), Map(IsObject(Bride), IsObject(Face), GetAbove)]",wedding,CCE-NoAbs,0.45,1.3908273105730466,26.765073435540593,SmartLabelNoUB,True,62.523406364023685,9.796502325683832,5,1,2,"[7.4199280850589275, 2.288034960627556]","[('wedding/our-wedding_7668149796_o Medium.jpeg', {'733', '730'}), ('wedding/our-wedding_7669446920_o Medium.jpeg', {'2088', '2091'}), ('wedding/our-wedding_7668916354_o Medium.jpeg', {'1060', '1059', '1063'}), ('wedding/our-wedding_7668045644_o Medium.jpeg', set())]"
"Map(IsObject(Face), IsObject(Face), GetAbove)",wedding,CCE-NoAbs,0.45,1.3876225279885392,26.67469054686887,SmartLabelNoUB,True,260.36471290141344,278.5462583228946,683,1,9,"[98.09868478775024, 79.15317188575864, 57.12212013825774, 18.588118381798267, 5.506396248936653, 5.441828966140747, 4.969832509756088, 4.800587069243193, 4.791552327573299]","[('wedding/our-wedding_7669442380_o Medium.jpeg', {'2082', '2079'}), ('wedding/our-wedding_7669076756_o Medium.jpeg', {'1442'}), ('wedding/our-wedding_7669022644_o Medium.jpeg', set()), ('wedding/our-wedding_7668991988_o Medium.jpeg', set()), ('wedding/our-wedding_7667886840_o Medium.jpeg', {'111'}), ('wedding/our-wedding_7668095250_o Medium.jpeg', {'597'}), ('wedding/our-wedding_7667876934_o Medium.jpeg', set()), ('wedding/our-wedding_7667977420_o Medium.jpeg', set()), ('wedding/our-wedding_7668013044_o Medium.jpeg', set())]"
"Intersection[Complement(Smile), Map(IsObject(Face), IsObject(Face), GetAbove)]",wedding,CCE-NoAbs,0.45,1.3845703540985321,26.588611605276757,SmartLabelNoUB,True,14.699130918830633,122.56741629168391,199,1,3,"[82.15394947305322, 37.345030795782804, 2.920805398374796]","[('wedding/our-wedding_7667907634_o Medium.jpeg', {'181'}), ('wedding/our-wedding_7669213072_o Medium.jpeg', {'1662'}), ('wedding/our-wedding_7668916354_o Medium.jpeg', {'1063'}), ('wedding/our-wedding_7669245932_o Medium.jpeg', set()), ('wedding/our-wedding_7668095250_o Medium.jpeg', {'597'})]"
"Intersection[Map(IsObject(Face), IsObject(Face), GetRight), Map(IsObject(Face), IsObject(Face), GetLeft)]",wedding,CCE-NoAbs,0.45,1.3816601417848045,26.5065363353866,SmartLabelNoUB,True,10.233580585569143,0.1891990713775158,1,1,0,[],"[('wedding/our-wedding_7668015714_o Medium.jpeg', {'343', '345'}), ('wedding/our-wedding_7669326520_o Medium.jpeg', {'1843', '1847', '1852', '1845', '1850'})]"
"Intersection[Smile, EyesOpen]",wedding,CCE-NoAbs,0.45,1.3788822118489734,26.42819175958236,SmartLabelNoUB,TIMEOUT,74.18769754469395,2400.000228021294,10066,7,32,"[77.8019771464169, 78.2899137288332, 77.75976633653045, 72.51284981518984, 76.06944907456636, 77.63571639358997, 73.02574409544468, 76.72201477736235, 76.14098799601197, 73.91604493558407, 72.70222343876958, 73.87012244015932, 73.40370432287455, 73.68252800032496, 71.18604930117726, 75.97451104968786, 71.50655762851238, 69.8530672416091, 73.81482833251357, 77.71758732572198, 75.08291912451386, 74.28405461832881, 75.93544518575072, 73.12640216946602, 76.18136658519506, 75.05457409843802, 72.03504569455981, 71.6385882012546, 74.09287557378411, 75.7145710028708, 75.30819921568036, 76.29995968192816]","[('wedding/our-wedding_7669409648_o Medium.jpeg', {'2033', '2034'}), ('wedding/our-wedding_7669224504_o Medium.jpeg', {'1684', '1686'}), ('wedding/our-wedding_7668981368_o Medium.jpeg', {'1184', '1181', '1180', '1183'}), ('wedding/our-wedding_7668052228_o Medium.jpeg', {'437'}), ('wedding/our-wedding_7668991988_o Medium.jpeg', {'1209', '1210'}), ('wedding/our-wedding_7668041282_o Medium.jpeg', {'410'}), ('wedding/our-wedding_7669155316_o Medium.jpeg', {'1594', '1593'}), ('wedding/our-wedding_7669081966_o Medium.jpeg', {'1449', '1450'}), ('wedding/our-wedding_7669141806_o Medium.jpeg', {'1561', '1560'}), ('wedding/our-wedding_7667858606_o Medium.jpeg', set()), ('wedding/our-wedding_7669280110_o Medium.jpeg', {'1759', '1760', '1761'}), ('wedding/our-wedding_7667895274_o Medium.jpeg', set()), ('wedding/our-wedding_7669146078_o Medium.jpeg', {'1567'}), ('wedding/our-wedding_7668539918_o Medium.jpeg', set()), ('wedding/our-wedding_7669031674_o Medium.jpeg', set()), ('wedding/our-wedding_7667854222_o Medium.jpeg', set()), ('wedding/our-wedding_7669312112_o Medium.jpeg', {'1823', '1821', '1815', '1816', '1814', '1813', '1817', '1818', '1819'}), ('wedding/our-wedding_7667876934_o Medium.jpeg', set()), ('wedding/our-wedding_7668038926_o Medium.jpeg', {'403'}), ('wedding/our-wedding_7667886840_o Medium.jpeg', {'112', '113'}), ('wedding/our-wedding_7667893910_o Medium.jpeg', set()), ('wedding/our-wedding_7667903494_o Medium.jpeg', set()), ('wedding/our-wedding_7667905202_o Medium.jpeg', {'173'}), ('wedding/our-wedding_7669213072_o Medium.jpeg', set()), ('wedding/our-wedding_7667907634_o Medium.jpeg', set()), ('wedding/our-wedding_7667975724_o Medium.jpeg', {'275', '274'}), ('wedding/our-wedding_7667925006_o Medium.jpeg', set())]"
"Intersection[IsObject(Face), Complement(Intersection[Smile, EyesOpen])]",wedding,CCE-NoAbs,0.45,1.376227745465846,26.353329164924975,SmartLabelNoUB,True,32.59107997268438,67.24998294189572,44,1,1,[67.08555441722274],"[('wedding/our-wedding_7669224504_o Medium.jpeg', {'1685'}), ('wedding/our-wedding_7669092256_o Medium.jpeg', {'1466'}), ('wedding/our-wedding_7667975724_o Medium.jpeg', {'273'})]"
"Intersection[Smile, EyesOpen, Complement(MouthOpen)]",wedding,CCE-NoAbs,0.45,1.3736886906645938,26.281721465687475,SmartLabelNoUB,True,2.023331195116043,221.6331024542451,90,1,3,"[78.18579473719001, 75.48420799523592, 67.80309300497174]","[('wedding/our-wedding_7668472586_o Medium.jpeg', {'745'}), ('wedding/our-wedding_7669135388_o Medium.jpeg', {'1547'}), ('wedding/our-wedding_7668052228_o Medium.jpeg', {'437'}), ('wedding/our-wedding_7668981368_o Medium.jpeg', {'1183'}), ('wedding/our-wedding_7669022644_o Medium.jpeg', set())]"
"Union[Map(IsObject(Bride), IsObject(Face), GetAbove), Map(IsObject(Suit), IsObject(Face), GetAbove)]",wedding,CCE-NoAbs,0.45,1.371257680748501,26.213160902587745,SmartLabelNoUB,True,96.2117228358984,110.94856962934136,86,1,6,"[74.7702010832727, 9.536576945334673, 7.816528540104628, 6.235390022397041, 6.247259426862001, 6.227787557989359]","[('wedding/our-wedding_7668981368_o Medium.jpeg', {'1181', '1185'}), ('wedding/our-wedding_7667901558_o Medium.jpeg', {'160'}), ('wedding/our-wedding_7668991988_o Medium.jpeg', {'1210'}), ('wedding/our-wedding_7667897636_o Medium.jpeg', {'149'}), ('wedding/our-wedding_7668045644_o Medium.jpeg', set()), ('wedding/our-wedding_7667876934_o Medium.jpeg', set()), ('wedding/our-wedding_7667977420_o Medium.jpeg', set()), ('wedding/our-wedding_7668013044_o Medium.jpeg', {'339'})]"
"Intersection[IsObject(Face), Complement(Smile)]",wedding,CCE-NoAbs,0.45,1.368927962912246,26.147457029617158,SmartLabelNoUB,True,114.18103648722172,163.2297353670001,147,1,4,"[92.27492142096162, 52.09358021616936, 15.504568584263325, 3.2559154480695724]","[('wedding/our-wedding_7669152422_o Medium.jpeg', {'1584', '1583'}), ('wedding/our-wedding_7668635930_o Medium.jpeg', {'935', '937'}), ('wedding/our-wedding_7668036458_o Medium.jpeg', set()), ('wedding/our-wedding_7667897636_o Medium.jpeg', set()), ('wedding/our-wedding_7668033238_o Medium.jpeg', {'389'}), ('wedding/our-wedding_7667858606_o Medium.jpeg', {'16'})]"
"Union[IsObject(Glasses), Intersection[Smile, EyesOpen]]",wedding,CCE-NoAbs,0.45,1.3666933355999191,26.084434947380075,SmartLabelNoUB,True,4.3658188581466675,270.52485233172774,3367,25,8,"[82.89391997084022, 65.68427033349872, 45.01072673499584, 37.90304607152939, 30.58614006638527, 7.409414552152157, 0.9455894120037556, 0.0851626805961132]","[('wedding/our-wedding_7669135388_o Medium.jpeg', {'1548', '1547'}), ('wedding/our-wedding_7669242588_o Medium.jpeg', {'1694'}), ('wedding/our-wedding_7667855224_o Medium.jpeg', {'10'}), ('wedding/our-wedding_7668015714_o Medium.jpeg', {'342', '343', '345', '344'}), ('wedding/our-wedding_7667907634_o Medium.jpeg', {'178'}), ('wedding/our-wedding_7668045644_o Medium.jpeg', {'419', '416', '417', '418'}), ('wedding/our-wedding_7668106286_o Medium.jpeg', set()), ('wedding/our-wedding_7669280110_o Medium.jpeg', {'1759', '1760', '1761'}), ('wedding/our-wedding_7669446920_o Medium.jpeg', {'2090', '2089', '2091'}), ('wedding/our-wedding_7669481074_o Medium.jpeg', {'2133'})]"
"Map(Map(IsObject(Face), IsObject(Face), GetRight), IsObject(Face), GetRight)",wedding,CCE-NoAbs,0.45,1.3645480933800855,26.023933748432473,SmartLabelNoUB,True,119.52604704350233,79.74720628932118,29,1,4,"[53.182139717042446, 17.11962805315852, 6.87165954709053, 2.444785788655281]","[('wedding/our-wedding_7668901928_o Medium.jpeg', {'1046'}), ('wedding/our-wedding_7669405174_o Medium.jpeg', {'2025'}), ('wedding/our-wedding_7669171794_o Medium.jpeg', set()), ('wedding/our-wedding_7668539918_o Medium.jpeg', set()), ('wedding/our-wedding_7667873202_o Medium.jpeg', set()), ('wedding/our-wedding_7667868308_o Medium.jpeg', {'32'})]"
"Union[EyesOpen, Intersection[IsObject(Face), Complement(MouthOpen)]]",wedding,CCE-NoAbs,0.45,1.3624869783061275,25.965805145522033,SmartLabelNoUB,True,52.88229035586119,462.3151989392936,14843,1,8,"[82.25554036721587, 73.76698092371225, 93.20424556359649, 87.50771069154143, 89.45489424094558, 21.74658129364252, 9.53043595701456, 4.686572417616844]","[('wedding/our-wedding_7669386434_o Medium.jpeg', {'1996', '1995'}), ('wedding/our-wedding_7669009912_o Medium.jpeg', {'1255', '1254'}), ('wedding/our-wedding_7668916354_o Medium.jpeg', {'1064', '1062', '1063'}), ('wedding/our-wedding_7667858606_o Medium.jpeg', set()), ('wedding/our-wedding_7668997142_o Medium.jpeg', {'1227', '1226', '1229', '1228'}), ('wedding/our-wedding_7669195062_o Medium.jpeg', {'1642', '1643'}), ('wedding/our-wedding_7668095250_o Medium.jpeg', {'596', '597', '595'}), ('wedding/our-wedding_7669220304_o Medium.jpeg', {'1675', '1676', '1677'}), ('wedding/our-wedding_7667862602_o Medium.jpeg', set()), ('wedding/our-wedding_7667888240_o Medium.jpeg', {'119'})]"
"Union[Smile, Map(Smile, IsObject(Face), GetRight)]",wedding,CCE-NoAbs,0.45,1.3605051368888605,25.90991225810815,SmartLabelNoUB,True,188.37092051655054,137.91227041184902,122,1,3,"[88.16398993879557, 25.919992934912443, 23.679585207253695]","[('wedding/our-wedding_7667915946_o Medium.jpeg', {'198', '199'}), ('wedding/our-wedding_7668081866_o Medium.jpeg', {'517', '518', '516'}), ('wedding/our-wedding_7668083094_o Medium.jpeg', {'531', '526', '529', '528', '532', '527'}), ('wedding/our-wedding_7667858606_o Medium.jpeg', set()), ('wedding/our-wedding_7667886840_o Medium.jpeg', {'112', '113', '111'})]"
"Union[IsObject(Bride), Map(IsObject(Bride), IsObject(Face), GetLeft), Map(IsObject(Bride), IsObject(Face), GetRight)]",wedding,CCE-NoAbs,0.45,1.3585980819401695,25.856128536257053,SmartLabelNoUB,True,39.884263422340155,28.572801932692528,12,1,2,"[19.26144639775157, 9.163207422941923]","[('wedding/our-wedding_7668083094_o Medium.jpeg', {'522', '530', '528'}), ('wedding/our-wedding_7669081966_o Medium.jpeg', {'1449', '1448'}), ('wedding/our-wedding_7667868308_o Medium.jpeg', set()), ('wedding/our-wedding_7667897636_o Medium.jpeg', {'149', '146'})]"
"Union[IsObject(Car), IsObject(Bicycle)]",cars,CCE-NoAbs,0.45,1.3604543725041864,26.070747351408873,SmartLabelNoUB,True,49.255401875823736,56.09380239620805,7771,1,1,[56.07007244229317],"[('cars/014_2938008229_o.jpg', {'1', '2', '0'}), ('cars/smartbikes--farragut-square_2733925626_o.jpg', {'1151', '1155', '1150'}), ('cars/laughter_5740404248_o.jpg', {'890'})]"
"Map(Intersection[Smile, EyesOpen], IsObject(Car), GetIsContained)",cars,CCE-NoAbs,0.45,1.3622431615931483,26.27756184600972,SmartLabelNoUB,True,193.5921316035092,101.3481219895184,380,3,6,"[39.98788743838668, 32.78585324063897, 20.58813516050577, 3.620323311537504, 2.410131026059389, 1.7459238059818745]","[('cars/n02958343_1902.JPEG', {'1034'}), ('cars/7283056644_e9ca3877d1_c.jpg', {'281'}), ('cars/44929498572_0b602cb182_c.jpg', set()), ('cars/msa-classic-car-rally-2009_3942380148_o.jpg', set()), ('cars/1957-chevrolet-bel-air_2938840328_o.jpg', set()), ('cars/5421932595_68f7ab545d_c.jpg', set()), ('cars/7277639906_2f455d0a66_c.jpg', set())]"
"Map(IsObject(Car), IsObject(Face), GetContains)",cars,CCE-NoAbs,0.45,1.3639680653575053,26.476990108660534,SmartLabelNoUB,True,223.5164907388389,107.47583856806159,1144,7,3,"[48.281866036355495, 49.99121141806245, 8.649065807461739]","[('cars/classic-car-rally-2008_2938842248_o.jpg', {'665'}), ('cars/n02958343_1902.JPEG', {'1040', '1041'}), ('cars/commuter-with-a-capital-bikeshare-bike_5739859831_o.jpg', set()), ('cars/bikes_3938109841_o.jpg', set()), ('cars/1957-chevrolet-bel-air_2938840328_o.jpg', set())]"
Complement(IsObject(Car)),cars,CCE-NoAbs,0.45,1.365632446182761,26.66942088841132,SmartLabelNoUB,FAIL,192.31932528316975,49.80442229658365,6729,4,1,[49.80435570329428],"[('cars/n02958343_1902.JPEG', {'1039', '1038', '1037', '1040', '1035', '1036', '1041'}), ('cars/smartbikes--farragut-square_2733925626_o.jpg', {'1153', '1152', '1151', '1150'}), ('cars/look-up-from-your-smartphone_6824473546_o.jpg', {'920', '904', '911', '908', '910', '918', '905', '914', '912', '907', '906', '919', '916', '913'})]"
"Complement(Union[IsObject(Car), IsObject(Bicycle)])",cars,CCE-NoAbs,0.45,1.3672394345657666,26.85521612403277,SmartLabelNoUB,True,5.291261371225119,4.5922337882220745,8,1,1,[4.559871062636375],"[('cars/bike-with-convenient-wine-holder_5747868888_o.jpg', {'399', '398'}), ('cars/1972-porsche-spyder-718-rsk-replica_2937995287_o.jpg', {'91'}), ('cars/44929498572_0b602cb182_c.jpg', {'241', '248', '250', '249'})]"
"Map(IsObject(Car), Union[IsObject(Person), IsObject(Bicycle)], GetContains)",cars,CCE-NoAbs,0.45,1.3687919487662976,27.034713216073833,SmartLabelNoUB,True,29.243693452328444,1.4687347002327442,2,1,1,[1.4277634546160698],"[('cars/1957-chevrolet-bel-air_2938840328_o.jpg', {'69', '71'}), ('cars/5421932595_68f7ab545d_c.jpg', {'253'}), ('cars/epa-bikes_5739874075_o.jpg', set())]"
"Intersection[EyesOpen, Complement(Map(IsObject(Car), EyesOpen, GetContains))]",cars,CCE-NoAbs,0.45,1.3702927124934774,27.208227071713523,SmartLabelNoUB,True,12.541112754493952,213.78242295235395,951,1,6,"[46.76439379155636, 42.08014306426048, 40.760789070278406, 42.147101167589426, 39.82571107149124, 2.1326131895184517]","[('cars/leggy-biker_6262285232_o.jpg', {'898'}), ('cars/1957-chevrolet-bel-air_2938840328_o.jpg', {'72'}), ('cars/5421932595_68f7ab545d_c.jpg', set()), ('cars/bob-at-the-tidal-basin_3006015262_o.jpg', {'624'}), ('cars/bikeshare-bike-and-others_6970590645_o.jpg', {'494', '495', '496'}), ('cars/interesting-foldy-bike_5079464538_o.jpg', set())]"
"Map(IsObject(Person), IsObject(Car), GetIsContained)",cars,CCE-NoAbs,0.45,1.3717442708525531,27.376051948479784,SmartLabelNoUB,True,228.15287574753165,34.30566680803895,53,2,2,"[31.51754580810666, 2.6768008023500443]","[('cars/classic-car-rally-2008_2938842248_o.jpg', {'657'}), ('cars/1957-chevrolet-bel-air_2938840328_o.jpg', {'64'}), ('cars/msa-classic-car-rally-2009_3942380148_o.jpg', set()), ('cars/7277639906_2f455d0a66_c.jpg', set())]"
"Map(Map(IsObject(Helmet), IsObject(Person), GetBelow), IsObject(Bicycle), GetBelow)",cars,CCE-NoAbs,0.45,1.3731490047484327,27.53846311954391,SmartLabelNoUB,True,23.56261821836233,159.39715898782015,355,1,16,"[41.20394079014659, 35.293495155870914, 25.439063973724842, 7.352745793759823, 5.899232652038336, 5.273411154747009, 5.236834194511175, 4.661271631717682, 4.658909700810909, 4.252035666257143, 4.091852866113186, 4.02569655328989, 4.010447174310684, 3.7967055700719357, 2.177150722593069, 2.007864285260439]","[('cars/friends_1458870589_o.jpg', {'797'}), ('cars/biker-in-blue_1458867877_o.jpg', {'400'}), ('cars/spring-has-arrived-in-dc_6964308913_o.jpg', set()), ('cars/look-up-from-your-smartphone_6824473546_o.jpg', set()), ('cars/foldy-bike-at-aqueduct_4730059859_o.jpg', set()), ('cars/43420571660_864dc92875_c.jpg', {'237'}), ('cars/44929498572_0b602cb182_c.jpg', set()), ('cars/bike-carousel-at-car-free-dc_3945578551_o.jpg', set()), ('cars/bike-dc_3906452651_o.jpg', {'338'}), ('cars/bikes_3938109841_o.jpg', {'468', '469'}), ('cars/bikeshare-bike-and-others_6970590645_o.jpg', {'488', '487'}), ('cars/colorful-bike_5834774314_o.jpg', set())]"
"Intersection[IsObject(Bicycle), Complement(Map(IsObject(Person), IsObject(Bicycle), GetBelow))]",cars,CCE-NoAbs,0.45,1.374509143917459,27.695718380415517,SmartLabelNoUB,True,84.26038537919521,131.9042651169002,362,1,5,"[40.74073427170515, 34.09097534418106, 22.1252098120749, 17.799263332039118, 17.09271177649498]","[('cars/smartbikes--farragut-square_2733925626_o.jpg', {'1151', '1150'}), ('cars/foldy-bike-at-aqueduct_4730059859_o.jpg', {'765'}), ('cars/bikers-at-point-joe_107834549_o.jpg', set()), ('cars/look-up-from-your-smartphone_6824473546_o.jpg', set()), ('cars/bike-commuter-on-14th-st_6943659117_o.jpg', set()), ('cars/bike-in-snow_3323365362_o.jpg', {'375'}), ('cars/biking-at-hains-point_3994789631_o.jpg', {'508'})]"
"Intersection[IsObject(Bicycle), Complement(Map(EyesOpen, IsObject(Bicycle), GetBelow))]",cars,CCE-NoAbs,0.45,1.3758267787374538,27.8480594143849,SmartLabelNoUB,True,402.6348754763603,32.100623302161694,210,1,2,"[29.463660165667534, 2.57411078363657]","[('cars/biking-away_4672030207_o.jpg', {'525'}), ('cars/bike-carousel-at-car-free-dc_3945578551_o.jpg', {'325', '324', '323'}), ('cars/7277639906_2f455d0a66_c.jpg', set()), ('cars/44929498572_0b602cb182_c.jpg', set())]"
"Union[IsObject(Bicycle), IsObject(Car), IsObject(Person)]",cars,CCE-NoAbs,0.45,1.377103870947602,27.995713031924446,SmartLabelNoUB,True,5.711466878652573,30.66161508113146,70,1,1,[30.627071641385555],"[('cars/colorful-bike_5834774314_o.jpg', {'668'}), ('cars/fries-va_5150047198_o.jpg', {'803', '804'}), ('cars/44929498572_0b602cb182_c.jpg', {'246', '245', '240', '241', '242', '243', '244'})]"
"Map(IsObject(Bicycle), Union[Smile, EyesOpen], GetAbove)",cars,CCE-NoAbs,0.45,1.3783422633938065,28.13889229741734,SmartLabelNoUB,True,205.66489685699344,367.27472627162933,1355,49,13,"[44.735437132418156, 39.32469842210412, 36.73807042837143, 32.0768902041018, 30.33078448101878, 26.725687861442566, 26.6696191765368, 24.22255641594529, 23.510392013937235, 23.017512664198875, 21.811899200081825, 21.734160590916872, 14.580343574285507]","[('cars/biker-on-rock-creek-trail_6277965864_o.jpg', {'434'}), ('cars/bill-line-national-parks-spokesperson-on-a-bike_6189270083_o.jpg', {'578'}), ('cars/trail-use_6970595853_o.jpg', set()), ('cars/44929498572_0b602cb182_c.jpg', {'250'}), ('cars/sycophants_5739861473_o.jpg', set()), ('cars/5421932595_68f7ab545d_c.jpg', set()), ('cars/bike-dc_3906452651_o.jpg', {'347'}), ('cars/biker-in-blue_1496965137_o.jpg', {'413'}), ('cars/bikes_3938109841_o.jpg', {'476', '477'}), ('cars/bikeshare-bike-and-others_6970590645_o.jpg', {'495', '496'}), ('cars/bob-at-the-tidal-basin_3006015262_o.jpg', set())]"
"Intersection[IsObject(Face), Complement(Map(IsObject(Bicycle), IsObject(Face), GetAbove))]",cars,CCE-NoAbs,0.45,1.3795436889013182,28.27779755498507,SmartLabelNoUB,True,25.548540987074375,97.4404962323606,1136,1,2,"[46.83408260717988, 50.554478485137224]","[('cars/foldy-bikes_3981720975_o.jpg', {'780', '781'}), ('cars/pose_5739852401_o.jpg', {'1090'}), ('cars/commuter-with-a-capital-bikeshare-bike_5739859831_o.jpg', set()), ('cars/bikes_3938109841_o.jpg', {'478'})]"
"Union[IsObject(Cat), IsObject(Face)]",cats,CCE-NoAbs,0.45,1.3859134047377943,27.90473882508189,SmartLabelNoUB,True,1.6597605235874653,9.579144299030304,7498,1,3,"[7.035847943276167, 1.4498624503612518, 1.0847766697406769]","[('cats/n02870880_9461.JPEG', {'636'}), ('cats/n02121808_2581.JPEG', {'319'}), ('cats/n02121808_14813.JPEG', {'103', '102', '104'}), ('cats/n02121808_246.JPEG', {'302', '301'}), ('cats/n02121808_111.JPEG', {'26', '28'})]"
"Union[IsObject(Cat), EyesOpen]",cats,CCE-NoAbs,0.45,1.3920984911297352,27.54249339169764,SmartLabelNoUB,True,1.0373470038175583,62.17436400055885,7498,203,14,"[6.915183328092098, 5.392496410757303, 5.306082684546709, 5.277317505329847, 5.298525787889957, 5.254448566585779, 5.507240742444992, 4.153367456048727, 4.15429824963212, 4.028068043291569, 2.9477665089070797, 2.2482161223888397, 2.4581486470997334, 1.461235672235489]","[('cats/n02121808_2112.JPEG', {'251'}), ('cats/n02121808_2581.JPEG', {'319'}), ('cats/n02121808_14813.JPEG', {'103', '102'}), ('cats/n02121808_246.JPEG', {'302', '301'}), ('cats/n02121808_18978.JPEG', {'208', '210'}), ('cats/n02121808_10623.JPEG', {'15'}), ('cats/n02121808_15006.JPEG', set()), ('cats/n02121808_17449.JPEG', {'168', '169', '170', '171'}), ('cats/n02121808_11057.JPEG', set()), ('cats/n02121808_2659.JPEG', set()), ('cats/n02121808_4140.JPEG', {'427'})]"
"Intersection[IsObject(Cat), Complement(Map(IsObject(Cat), IsObject(Cat), GetBelow))]",cats,CCE-NoAbs,0.45,1.3981068607676204,27.190597827838655,SmartLabelNoUB,True,1.0408746525645256,23.738792814314365,7498,1,4,"[6.929185539484024, 5.9948212467134, 10.653478495776653, 0.14358116686344147]","[('cats/n02121808_3442.JPEG', {'374'}), ('cats/n02121808_2623.JPEG', {'326'}), ('cats/n02121808_14813.JPEG', {'102'}), ('cats/n02121808_11141.JPEG', set()), ('cats/n02121808_17449.JPEG', {'170'}), ('cats/cats.jpg', {'1'})]"
"Intersection[Map(IsObject(Cat), IsObject(Cat), GetRight), Map(IsObject(Cat), IsObject(Cat), GetLeft)]",cats,CCE-NoAbs,0.45,1.4039459805565513,26.84861481507429,SmartLabelNoUB,True,7.816024512052536,28.7384414114058,7582,1,4,"[9.65362150222063, 6.756459977477789, 6.3386509492993355, 5.9657793417572975]","[('cats/n02121808_52.JPEG', {'515', '516'}), ('cats/n02121808_16252.JPEG', {'138', '136'}), ('cats/n02121808_14813.JPEG', set()), ('cats/n02121808_11141.JPEG', set())]"
"Map(IsObject(Guitar), IsObject(Face), GetAbove)",festival,CCE-NoAbs,0.45,1.4031015126723365,26.92293022492498,SmartLabelNoUB,TIMEOUT,116.98097686469555,2400.0000534802675,164,7,99,"[105.70729219913483, 59.96922355890274, 51.60347894951701, 49.59586552157998, 47.45154649019241, 26.159808322787285, 23.20867894217372, 23.120943665504456, 23.0940726660192, 22.1966954767704, 22.09517629444599, 22.114332783967257, 22.101308654993773, 22.101072929799557, 22.090000610798597, 22.104771349579096, 22.092322327196598, 22.1060930788517, 22.089910231530666, 22.11725029721856, 22.10916965827346, 22.108067642897367, 22.116986088454723, 22.10755453258753, 22.102660067379475, 22.110497787594795, 22.104545038193464, 22.090985730290413, 22.09984114021063, 22.102408304810524, 22.120026875287294, 22.11872996017337, 22.10415981709957, 22.116342324763536, 22.098551783710718, 22.120685316622257, 22.104902606457472, 22.113900154829025, 22.09086076170206, 22.10811709985137, 22.095591109246016, 22.10903460904956, 22.108902536332607, 22.10613713040948, 22.099897738546133, 22.119199827313423, 22.10954350605607, 22.119345106184483, 22.093188114464283, 22.099533051252365, 22.099738135933876, 22.107580594718456, 22.105827886611223, 22.11468628793955, 22.10428151488304, 22.12567252293229, 22.112168166786432, 22.12385417148471, 22.11615890264511, 22.114353224635124, 22.11366891115904, 22.115173168480396, 22.11638878285885, 22.10830608382821, 22.1120145060122, 22.1143063865602, 22.102455396205187, 22.104462288320065, 22.101042598485947, 22.113248132169247, 22.099744457751513, 22.112250100821257, 22.102556582540274, 22.096086584031582, 22.10897931829095, 22.120641481131315, 22.09649659693241, 22.108168825507164, 22.088982991874218, 22.104444976896048, 22.107241421937943, 22.10824293643236, 22.09556408971548, 22.099464740604162, 22.09779192507267, 22.110170282423496, 22.103534780442715, 22.10700111463666, 22.09351572021842, 22.108173213899136, 22.093144703656435, 22.110827282071114, 22.13658754900098, 22.10135020315647, 22.105471070855856, 22.106410533189774, 22.10767563059926, 22.11508544906974, 22.103899281471968]","[('festival/aaron_rodriguez_treefort2017-363_34254689531_o Medium.jpeg', {'793'}), ('festival/aaron-rodriguez-treefort-2016-286_25678607453_o Medium.jpeg', {'94', '93'}), ('festival/aaron_rodriguez_treefort2017-230_33877627921_o Medium.jpeg', set()), ('festival/matthew-wordell-treefort2016-4616_25968630360_o Medium.jpeg', {'1580'}), ('festival/aaron_rodriguez_treefort2017-319_33574320633_o Medium.jpeg', {'701'}), ('festival/aaron_rodriguez_treefort2017-191_33877926621_o Medium.jpeg', set()), ('festival/matthew-wordell-treefort2016-3795_26134843231_o Medium.jpeg', {'1511', '1510'}), ('festival/matthew-wordell-treefort2016-8853_26177976255_o Medium.jpeg', set())]"
"Union[IsObject(Guitar), Map(IsObject(Guitar), IsObject(Face), GetAbove)]",festival,CCE-NoAbs,0.45,1.402280180894538,26.99520959614963,SmartLabelNoUB,True,13.500271782279015,0.09158141911029816,1,1,0,[],"[('festival/glenn_landberg_treefort2017-7119_33167197153_o Medium.jpeg', {'1225', '1231'}), ('festival/aaron_rodriguez_treefort2017-19_33480504591_o Medium.jpeg', {'355'})]"
"Intersection[IsObject(Face), Complement(Map(IsObject(Guitar), IsObject(Face), GetAbove))]",festival,CCE-NoAbs,0.45,1.401481047272896,27.065535470854694,SmartLabelNoUB,True,16.444913152605295,280.8530157767236,127,1,3,"[110.53490972146392, 113.51418705657125, 56.677783749997616]","[('festival/matthew-wordell-treefort2016-8475_26111260551_o Medium.jpeg', {'1726', '1723', '1724', '1725'}), ('festival/aaron_rodriguez_treefort2017-373_34254899631_o Medium.jpeg', {'811'}), ('festival/matthew-wordell-treefort2016-4274_25928788670_o Medium.jpeg', {'1528', '1527', '1526', '1531', '1529', '1530'}), ('festival/aaron-rodriguez-treefort-2016-183_26255545346_o Medium.jpeg', {'55', '54', '53', '52'})]"
